,message,cleaned,output
0,"Reminder for daily reporting and attendance on mob app daily 9:00 am,","reminder daily reporting attendance mob app daily : am,",['Not Found']
1,"How will you remind me let me know,","remind let know,",['how']
2,"Can u remind me till 11,","u remind till ,",['How']
3,"Call at 9 am every day,","call  every day,",['call me']
4,"Remind me to bid for flights on 13th december at 6 pm,","remind bid flight th december  pm,",['Not Found']
5,"Reminder 11am tomorrorw buy bell for papu,","reminder am tomorrorw buy bell papu,",['Not Found']
6,"Remind me to book b tickets tonight by 10 pm,","remind book b ticket tonight  pm,",['book tickets']
7,"Can you remind me to masturbate,","remind masturbate,",['How']
8,"Reminder on invoice preparation,","reminder invoice preparation,",['What']
9,"1 alarm at 1 30am please. Ignore the 12 20am one,"," alarm  am please. ignore  am one,",['Not Found']
10,"One more reminder....2:00 pm ...today for meeting,","one reminder....: pm ...today meeting,",['meeting']
11,"call sagar @5:30 pm,","call sagar @: pm,",['Call']
12,"I'm upset vth d reminder service,","i'm upset vth reminder service,",['What']
13,"Remind me to see. Concert at 7pm,","remind see. concert pm,",['Not Found']
14,"Remind me again after half an hour,","remind half hour,",['Not Found']
15,"Need a reminder for payment and phone at 2pm,","need reminder payment phone pm,",['Not Found']
16,"Remind me tomorrow 11 am to pack gift for my college sir.,","remind tomorrow  pack gift college sir.,",['Not Found']
17,"Remind me on 1st dec to take appointment of those 2 customer at sanaswadi,","remind st dec take appointment  customer sanaswadi,",['appointment']
18,"Remind me to play football at 10 5,","remind play football  ,",['How']
19,"Weke up alarm I need morning,","weke alarm need morning,",['Not Found']
20,"Would you remind me to print the log sheet out today,","would remind print log sheet today,",['take a print out']
21,"Cud u pls set up a recuring reminder,","cud u pls set recuring reminder,",['Not Found']
22,"Hey thanks for ur reminder,","hey thanks ur reminder,",['the reminders']
23,"Please remind me every Tuesday n Thursday for a meeting at Chopras, at 11 am,","please remind every tuesday n thursday meeting chopras,  am,",['meeting']
24,"Yes.. I'll surely use it.. When I need u to remind me something! Thank you,","yes.. i'll surely use it.. need u remind something! thank you,",['something']
25,"Make it a everyday schedule,","make everyday schedule,",['Not Found']
26,"What an early reminder?,","early reminder?,",['What']
27,"Remind me to pray daily at noon,","remind pray daily noon,",['Not Found']
28,"Okk,","okk,",['Not Found']
29,"Remind me of talking with RICS TODAY AT 11 AM ,","remind talking rics today  ,",['the same']
30,"Please set this for complete month,","please set complete month,",['Not Found']
31,"1 jan 11.55,"," jan .,",['Not Found']
32,"Remind me to take my friend's car for wash on 12th before she comes back,","remind take friend's car wash th come back,",['Not Found']
33,"Remind me next month 16th for hepatitis B vaccination at 10am,","remind next month th hepatitis b vaccination am,",['Not Found']
34,hieee,hieee,['Not Found']
35,"Remind me to attend reception of Kishor Bhai's Son on 28th November,","remind attend reception kishor bhai's son th november,",['Not Found']
36,"Manali sir reminder aata nhi hai,","manali sir reminder aata nhi hai,",['What']
37,"Cancl,","cancl,",['Not Found']
38,"Thank you Sachin for your reminder...,","thank sachin reminder...,",['Not Found']
39,"Reminder me to take print out,","reminder take print out,",['take a print out']
40,"I have to add reminder,","add reminder,",['What']
41,"Remind me to renew my insurance of car on 20/11/2017,","remind renew insurance car //,",['How']
42,"Can the reminder be for 365 days?,","reminder  days?,",['What']
43,"Call means what?,","call mean what?,",['Call']
44,"Hey good morning,","hey good morning,",[')']
45,"Plz remind me to go to the gym at 9am,","plz remind go gym am,",['go to gym']
46,"Instead of 5 remind me at 5:30,","instead  remind :,",['How']
47,"OK Tomo I want a reminder to b set,","ok tomo want reminder b set,",['Not Found']
48,"I want to be set,","want set,",['Not Found']
49,"Plz remind ne,","plz remind ne,",['Not Found']
50,"Hey thanks. Reminder for what exactly?,","hey thanks. reminder exactly?,",['the reminders']
51,"Hie can u remind me to finish Eis audit by 10 January,","hie u remind finish eis audit  january,",['How']
52,"Remaind for dinner at 7:08 on today,","remaind dinner : today,",['dinner']
53,"It's ok... I'll let you know if I need any help,","it's ok... i'll let know need help,",['Not Found']
54,"Remind me from daily from today,","remind daily today,",['Not Found']
55,"Please remind me to take a test at 4:30 pm tomorrow.,","please remind take test : pm tomorrow.,",['Not Found']
56,"Then remind me for studying at 3:30 pm,","remind studying : pm,",['Not Found']
57,"Remind me to do my studies,","remind studies,",['How']
58,"What is the reminder?,","reminder?,",['What']
59,"Tell me something about haptik,","tell something haptik,",['you']
60,"Remind me at 830 today - to carry S C O solution home,","remind  today - carry c solution home,",['the same']
61,"Basket saaf krni h....remind me on 8 PM tomorrow,","basket saaf krni h....remind  pm tomorrow,",['the same']
62,"what is the exam timing of bharatiya vidya bhavans clg churchgate for fyba today,","exam timing bharatiya vidya bhavans clg churchgate fyba today,",['exam']
63,"Reminder me at 9.00 am,","reminder . am,",['Not Found']
64,"I want to meet my boss at around 3pm. So remind me about it at around 12,","want meet bos around pm. remind around ,",['meet']
65,"Can you call me @ 8106683849,","call @ ,",['Call']
66,"Thx for reminder,","thx reminder,",['What']
67,"Please remind me after 2 .00 pm for today,","please remind  . pm today,",['Not Found']
68,"Remind me to watch star gold @9 pm,","remind watch star gold @ pm,",['Not Found']
69,"Need reminder,","need reminder,",['Not Found']
70,"I need to change that reminder,","need change reminder,",['Not Found']
71,"Close all the remainder,","close remainder,",['Not Found']
72,"Remind me to collect laptop bill NOC from bajaj finance on 10 march,","remind collect laptop bill noc bajaj finance  march,",['How']
73,"Do I have any reminders active for me??,","reminder active me??,",['Not Found']
74,"10:15 am,",": am,",['Not Found']
75,"there are legal matters for which i need to be present in court for... need to make different reminders,","legal matter need present court for... need make different reminders,",['Not Found']
76,"Plz remind me go to home nd teck beg,","plz remind go home nd teck beg,",['go home']
77,"Please remind me at 8 am,","please remind  am,",['Not Found']
78,"just set a call and notification reminder,","set call notification reminder,",['Call']
79,"HI !!! Could you please set an alarm of 6:00 pm,","hi !!! could please set alarm : pm,",['Not Found']
80,"Can you please put my reminder in notifications of my mobile,","please put reminder notification mobile,",['Not Found']
81,"Can you please remind me for a vaccination at 8:30 pm.,","please remind vaccination : pm.,",['Not Found']
82,"Can you remind me that I have to send my PPF form and details today. Secondly that I need to book my transit flight to Malaysia,","remind send ppf form detail today. secondly need book transit flight malaysia,",['book tickets']
83,"Remind me at 9 ,i gotta take drugs,","remind  ,i gotta take drugs,",['How']
84,"Can u schedule one more for me?,","u schedule one me?,",['Not Found']
85,"Pls remind to mail to Shailendra by 11 pm today,","pls remind mail shailendra  pm today,",['the same']
86,"Also remind me of wrapping the gift for Samiran at 08:45,","also remind wrapping gift samiran :,",['How']
87,"Setup reminder,","setup reminder,",['What']
88,"Hi please remind me to go to doctor on 10th December at 12.30,","hi please remind go doctor th december .,",['Not Found']
89,"I want to delete all the reminders set till today,","want delete reminder set till today,",['Not Found']
90,"Please remind me after 5 days to close the Lynda.com site,","please remind  day close lynda.com site,",['Not Found']
91,"Hi. Remind me everyday at 10pm to brush my teeth nd sleep,","hi. remind everyday pm brush teeth nd sleep,",['sleep']
92,"Can u remember me for tablets at 12 at night,","u remember tablet  night,",['Not Found']
93,"Can you set me alarms,","set alarms,",['Not Found']
94,"Remind me to talk to ZEROGRAVITY ppl,","remind talk zerogravity ppl,",['How']
95,"ReMind me,","remind me,",['How']
96,"And set a snooze for 4:30 am also,","set snooze : also,",['Not Found']
97,"Ya one more reminder,","ya one reminder,",['Not Found']
98,"The same u shud remind me every day,","u shud remind every day,",['Not Found']
99,"Also remind me to get my bike insured at 11 am tommorow,","also remind get bike insured  tommorow,",['How']
100,"Remind me to book bus tickets,","remind book bus tickets,",['book tickets']
101,"You can remind me at 3.50am,","remind .am,",['Not Found']
102,"Can u remind me to study at 10:00 pm,","u remind study : pm,",['study']
103,"Change the reminder to 8:00 am,","change reminder : am,",['Not Found']
104,"Remind me booking cover my love,","remind booking cover love,",['How']
105,"Remind me i have to pay Lakshya 500 rupees,","remind pay lakshya  rupees,",['How']
106,"Reminder me at 7.25,","reminder .,",['What']
107,"Can you remind me about one more thing?,","remind one thing?,",['How']
108,"Remind me at 11 am to do my PE project,","remind  pe project,",['How']
109,"Can you remind me about my Books at 9:50 am,","remind book : am,",['book tickets']
110,"Remind me to finishmy snap registration,","remind finishmy snap registration,",['How']
111,"Do I need to enable the reminder gain and again,","need enable reminder gain again,",['Not Found']
112,"Remind me to send a mail to Pooja bajaj at 9 in the night,","remind send mail pooja bajaj  night,",['How']
113,"And set 2 remainder also,","set  remainder also,",['Not Found']
114,"Can you set an reminder for me?,","set reminder me?,",['What']
115,"I would need you to remind me of some action items,","would need remind action items,",['How']
116,"Remind me about NGO,","remind ngo,",['How']
117,"Pls tell me more about haptik,","pls tell haptik,",['you']
118,"8 AM,"," am,",['Not Found']
119,"Thanks i received a call,","thanks received call,",['call']
120,"Set the schedule,","set schedule,",['Not Found']
121,"Remind me in six months,","remind six months,",['How']
122,"Another reminder for making a transfer certificate for vihaan,","another reminder making transfer certificate vihaan,",['another reminder']
123,"Business meeting to Chitradurga on 23 Nov 2016,","business meeting chitradurga  nov ,",['meeting']
124,"Set this reminder on 902109077,","set reminder ,",['What']
125,"Remind me to buy eggs at 9:11 pm today,","remind buy egg : pm today,",['buy eggs']
126,"8th may 12 o clock,","th may  clock,",['Not Found']
127,"Need to set one more alarm,","need set one alarm,",['Not Found']
128,"remind about mastrubating,","remind mastrubating,",['How']
129,"Remind me at 9:15p.m. today on 23 december 2016,","remind :p.m. today  december ,",['Not Found']
130,"Dint get the reminder last time,","dint get reminder last time,",['Not Found']
131,"Hello Gloria!,","hello gloria!,",['Not Found']
132,"Wish Birthday Name: Rashmitha Date: April 14, 2017 Time: 11 55 pm,","wish birthday name: rashmitha date: april ,  time:   pm,",['Not Found']
133,"10 December,"," december,",['Not Found']
134,"This one remind me to get the box from my friend's place.,","one remind get box friend's place.,",['How']
135,"Remind me for my leave plan for Jan,","remind leave plan jan,",['leave']
136,"263/pw/10 Pl remind on 6/2/17,","/pw/ pl remind //,",['How']
137,"remind me tommorow to fill my loan application,","remind tommorow fill loan application,",['How']
138,"Just remind me to go outside at 4:00 pm,","remind go outside : pm,",['Not Found']
139,"Remind on 22 nov,","remind  nov,",['How']
140,"Hi can u please remind me about time end of newspaper,","hi u please remind time end newspaper,",['Not Found']
141,"I need a reminder for November 2017,","need reminder november ,",['Not Found']
142,"Thanks for this awesome reminder ,","thanks awesome reminder ,",['the reminders']
143,"Remind me of vedant appointment cardiologist at 11 am on21 november,","remind vedant appointment cardiologist  on november,",['appointment']
144,"Can you tell how to set dnd,","tell set dnd,",['you']
145,"remind me to wish chiriya,","remind wish chiriya,",['wish']
146,"Remind me to attend Yashraj's engagement,","remind attend yashraj's engagement,",['How']
147,"Remind me my lpg Botel booking,","remind lpg botel booking,",['How']
148,"Remind me to buy excel matic today @ 8.00 pm,","remind buy excel matic today @ . pm,",['the same']
149,"Pls remind me to attend marriage on 21 January 9 am of Patel at keshavbag party plot,","pls remind attend marriage  january  patel keshavbag party plot,",['Not Found']
150,"Can u pls set an alarm for 8 in the morning for tomorrow,","u pls set alarm  morning tomorrow,",['Not Found']
151,"Remind me on 7th January at 8 pm for TV program,","remind th january  pm tv program,",['Not Found']
152,"Hi Good Morning .. Thanks for this assistance... Yes pls help me out with to do list,","hi good morning .. thanks assistance... yes pls help list,",[')']
153,"Old remember and this same,","old remember same,",['Not Found']
154,"Hey can you remind me every 1 hour from 8am to 12 pm everday?,","hey remind every  hour am  pm everday?,",['the same']
155,"Sure i will aftr wkeup call,","sure aftr wkeup call,",['Call']
156,"Remind me to pack for my college by tomorrow 5pm,","remind pack college tomorrow pm,",['the same']
157,"I am done with my schedule,","done schedule,",['Not Found']
158,"Remind me about it rectification,","remind rectification,",['How']
159,"Amd please remind me to do microbial metabolism at 11am today,","amd please remind microbial metabolism am today,",['the same']
160,"Just remind me every 1 of every month,","remind every  every month,",['the same']
161,"Today 745 am, pl remind me about serahs birth certificate,","today  am, pl remind serahs birth certificate,",['the same']
162,"tell me about this,","tell this,",['you']
163,"Remind me for Monday's interview with govt of India,","remind monday's interview govt india,",['How']
164,"Plz remind me only in afternoon,","plz remind afternoon,",['Not Found']
165,"Thank u soooo much for reminding me ,","thank u soooo much reminding ,",[')']
166,"OK ! I am about to do it !,","ok ! !,",['Not Found']
167,"Abhi tho remind kiya dhas minute ke pehle ,","abhi tho remind kiya dhas minute ke pehle ,",['Not Found']
168,"Everyday reminder,","everyday reminder,",['Not Found']
169,"Three alarms,","three alarms,",['Not Found']
170,"Also.. Plz remind me to collect diary from shop tomorow at 7.30 pm,","also.. plz remind collect diary shop tomorow . pm,",['Not Found']
171,"Hey, could you remind me to wish mom on 12th dec, say 8.30 AM,","hey, could remind wish mom th dec, say . am,",['wish']
172,"Remind me for recharge,","remind recharge,",['recharge']
173,"Please remind me about my bike service to be given on 28 th of thismonth.,","please remind bike service given  th thismonth.,",['Not Found']
174,"Plz remind every year,","plz remind every year,",['Not Found']
175,"Please set a general reminder every hour .please call,","please set general reminder every hour .please call,",['Not Found']
176,"Can you Please set a reminder for tomorrow,","please set reminder tomorrow,",['Not Found']
177,"Please set a reminder,","please set reminder,",['Not Found']
178,"Can I get two calls?!,","get two calls?!,",['How']
179,"Also I need to deposit 20K in my savings account for recurring deposit on 20th, please remind me on 19th at 10am,","also need deposit k saving account recurring deposit th, please remind th am,",['deposit cheque']
180,"Plz set a reminder to watch channel,","plz set reminder watch channel,",['Not Found']
181,"Hey sis do remind me on 11th of Jan..1 more to go 4 Amitesh birthday,","hey si remind th jan.. go  amitesh birthday,",['birthday']
182,"Can I plz make this reminder for whole week.,","plz make reminder whole week.,",['Not Found']
183,"Pl remind today at 8 pm to keep blanl cheque,","pl remind today  pm keep blanl cheque,",['the same']
184,"What was my reminder of today 10 am,","reminder today  am,",['Not Found']
185,"Mere 2no reminder active hai ?,","mere no reminder active hai ?,",['What']
186,"Remind me to eat egg at 5:45 PM today.,","remind eat egg : pm today.,",['eat']
187,"Shraddha another one reminder please can you do this?,","shraddha another one reminder please this?,",['Another']
188,"Plz remind me about today's tasks????,","plz remind today's tasks????,",['Not Found']
189,"Ok please send me the reminder,","ok please send reminder,",['Not Found']
190,"Give me a reminder to send mail by 10:40 now,","give reminder send mail : now,",['How']
191,"So WL u b available 24x7 means if i set a reminder late night thn?,","wl u b available x mean set reminder late night thn?,",['What']
192,Deactivate reminder,deactivate reminder,['What']
193,"Remind me to collect collect the brail from the blind school on 14,","remind collect collect brail blind school ,",['How']
194,"Why i have a call from haptik?,","call haptik?,",['Call']
195,"Remind me to take bath at 12:30 Today,","remind take bath : today,",['bath']
196,"Remind me of pavan cheated upon james,","remind pavan cheated upon james,",['How']
197,"Please deactivate all alarms,","please deactivate alarms,",['Not Found']
198,"Is it possible to remind me everyday?,","possible remind everyday?,",['Not Found']
199,"Can u set reminder for me !,","u set reminder !,",['What']
200,"Only reminder,","reminder,",['What']
201,"Could you please remind me to keep the money in kitchen tomorrow at around 10:40am,","could please remind keep money kitchen tomorrow around :am,",['Not Found']
202,"Need another reminder to set,","need another reminder set,",['another reminder']
203,"Ok thanks for remember,","ok thanks remember,",['Not Found']
204,"Please message me instead of calling,","please message instead calling,",['calling me']
205,"18dec 12:00 pm schedule Pintu didi lunch,","dec : pm schedule pintu didi lunch,",['lunch']
206,"Please tell us about haptik software,","please tell u haptik software,",['you']
207,"1.30 pm Reminder: shankar test,",". pm reminder: shankar test,",['Where']
208,"There were some of my reminders for this month on other phone and now I have a just changed,","reminder month phone changed,",['What']
209,"8.00 am,",". am,",['Not Found']
210,"Your reminder is 1 day reminder,","reminder  day reminder,",['What']
211,"Alarms after 8 pm also needed,","alarm  pm also needed,",['Alarm']
212,"This is tomorrow's study schedule,","tomorrow's study schedule,",['study']
213,"Pls make sure all my reminder r with the content,","pls make sure reminder r content,",['Not Found']
214,"thx for reminding,","thx reminding,",['reminding me']
215,"Yes.....i want u to remind me that every day,","yes.....i want u remind every day,",['Not Found']
216,"Remind me to send my wife a gift,","remind send wife gift,",['How']
217,"Sorry . Got a little late. Will schedule my tasks later.,","sorry . got little late. schedule task later.,",['Not Found']
218,"Reminder after 15 min,","reminder  min,",['What']
219,"Remind me on 10th Dec morning 4am to take gold flower's and bro mariage clothes..,","remind th dec morning am take gold flower's bro mariage clothes..,",['Not Found']
220,"Remind me to uninstall you,","remind uninstall you,",['How']
221,"Also remind me to check harish's computer.,","also remind check harish's computer.,",['How']
222,"Rahulji HI calling at 7pm today 7891044451,","rahulji hi calling pm today ,",['calling me']
223,"Can u give a fake call,","u give fake call,",['Call']
224,"I have got 1 more reminder,","got  reminder,",['What']
225,"Thanks for reminding me,","thanks reminding me,",['reminding me']
226,"Reminder Appointment for driving licenses,","reminder appointment driving licenses,",['appointment']
227,"Please remind me to repair my wife's phone at 10am tomorrow,","please remind repair wife's phone am tomorrow,",['Not Found']
228,"Actually set a alarm for 5 tomorrow morning .,","actually set alarm  tomorrow morning .,",['Not Found']
229,"Yup! Tysm for reminder...,","yup! tysm reminder...,",['What']
230,"Set 10 am to 10 pm,","set   pm,",['Not Found']
231,"Can u like play a song rather than calling,","u like play song rather calling,",['calling me']
232,"Remind me tomorrow for visiting new house,","remind tomorrow visiting new house,",['Not Found']
233,"Date: November 21, 2016 Time: 12 30 PM,","date: november ,  time:   pm,",['Not Found']
234,"Sorry please make it 8.45 pm for Reminder,","sorry please make . pm reminder,",['Not Found']
235,"Set a reminder at 8 am as well,","set reminder  well,",['What']
236,"Remind me after another half an hour,","remind another half hour,",['Not Found']
237,"Remind me to check a website in two days,","remind check website two days,",['How']
238,"Sould i have to recieve the call??,","sould recieve call??,",['Call']
239,"Can you just send me reminders through SMS?,","send reminder sms?,",['How']
240,"Reminder on Monday at 11 am to go to guru Ji,","reminder monday  go guru ji,",['What']
241,"I need a call at that time,","need call time,",['Not Found']
242,"Coll me to remind,","coll remind,",['How']
243,"Can u plz remind me the same tomorrow at 2pm,","u plz remind tomorrow pm,",['Not Found']
244,"3 reminders please,"," reminder please,",['Not Found']
245,"I need an alarm,","need alarm,",['Not Found']
246,"Can you set an alarm at 9 pm,","set alarm  pm,",['Not Found']
247,"Can you tell me if i have any reminders set?,","tell reminder set?,",['you']
248,"Plz remind from 8:00 am to 10:00 pm,","plz remind : : pm,",['Not Found']
249,"Also remind me to cal Daya handloom on 16-11-2016 at 11:30am,","also remind cal daya handloom -- :am,",['Not Found']
250,"Can you please remind me tomorrow at 9pm to start research work,","please remind tomorrow pm start research work,",['Not Found']
251,"Reminder was set up at 6,","reminder set ,",['What']
252,"Remind me abt tuition at 8:15,","remind abt tuition :,",['How']
253,"I need to set a reminder,","need set reminder,",['Not Found']
254,"Shave and carry shaving kit reminder tomorrow at 815 am and again at 830 am,","shave carry shaving kit reminder tomorrow   am,",['Not Found']
255,"Reminder.. In the morning by 9:30a.m to check out Vodafone bill payment,","reminder.. morning :a.m check vodafone bill payment,",['Not Found']
256,"Remind me at 7 pm today for massage,","remind  pm today massage,",['the same']
257,"Remind me at 8.45 am today,","remind . today,",['the same']
258,"Set a reminder for 1.20 pm,","set reminder . pm,",['Not Found']
259,"Remind me about take a test at 9 am,","remind take test  am,",['Not Found']
260,"Will you call me even if iam online on haptik,","call even iam online haptik,",['Call']
261,"Please set a reminder for 5th jan 17 for to ask ritika for balance confirmation circularisation,","please set reminder th jan  ask ritika balance confirmation circularisation,",['Not Found']
262,"Remind me to get some info about dentistry... Tomorrow 11 am,","remind get info dentistry... tomorrow  am,",['the same']
263,"Remind me on 7 Nov 12pm for Venus payment.,","remind  nov pm venus payment.,",['Not Found']
264,"Remind me about diwo today @5pm,","remind diwo today @pm,",['the same']
265,"Hi. Remind me at 2:45pm today to leave for driving class,","hi. remind :pm today leave driving class,",['class']
266,"Set alarm at 6:15am,","set alarm :am,",['Not Found']
267,"By call??,","call??,",['Call']
268,"Set a reminder on Thursday and Friday at 7 and 8 pm,","set reminder thursday friday   pm,",['Not Found']
269,"Friday evening 6o clock make a reminder of reminding chetan sir for the gift,","friday evening o clock make reminder reminding chetan sir gift,",['reminding me']
270,"Reminder me for IAS application form,","reminder ia application form,",['What']
271,"Hi..remind me of sending important message to my teacher at 4:30pm,","hi..remind sending important message teacher :pm,",['Not Found']
272,"Also Reminde me to cal maruti,","also reminde cal maruti,",['Not Found']
273,"Tell me one thing I'm just lit bit curious about reminder call..,","tell one thing i'm lit bit curious reminder call..,",['Call']
274,"Set reminder for raising travel request,","set reminder raising travel request,",['What']
275,"Gm,","gm,",['Not Found']
276,"I want to set time myself,","want set time myself,",['Not Found']
277,"Reminder? For what?,","reminder? what?,",['What']
278,"Please remind to process hyderabad rent payment tomorrow 4pm,","please remind process hyderabad rent payment tomorrow pm,",['Not Found']
279,"I want a reminder to catch a flight tomorrow at 6pm,","want reminder catch flight tomorrow pm,",['Not Found']
280,"Remind me at 12 noon,","remind  noon,",['How']
281,"Remind me to shop in myntra tomorrow,","remind shop myntra tomorrow,",['Not Found']
282,"Two call with 15 min intervel,","two call  min intervel,",['Call']
283,"Remind me to tell him abt job preferences at Pune and get advice,","remind tell abt job preference pune get advice,",['How']
284,"Please would you remind me at 9:40 pm,","please would remind : pm,",['Not Found']
285,"The reminder should be at 1215,","reminder ,",['What']
286,"Yeah...but can you schedule it from sunfay,","yeah...but schedule sunfay,",['Not Found']
287,"Movie schedule for Sunday at inox Panajim,","movie schedule sunday inox panajim,",['Not Found']
288,"I got reminder now,","got reminder now,",['What']
289,"Good morning Naqiyya,","good morning naqiyya,",[')']
290,"Remind that ppt today 6.00pm,","remind ppt today .pm,",['the same']
291,"Is there a reminder tone,","reminder tone,",['What']
292,"Call Deepak on 9 A.M tomorrow,","call deepak  a.m tomorrow,",['Call me']
293,"Reminder to give money back to vel,","reminder give money back vel,",['What']
294,"i want sms reminder every 1 hour 2 min..... from 8:00 pm,","want sm reminder every  hour  min..... : pm,",['the same']
295,"I want to set up reminder,","want set reminder,",['Not Found']
296,"Call me at 6.30am,","call .am,",['Call']
297,"Set me a reminder to wish my friend birthday on 10th December,","set reminder wish friend birthday th december,",['Not Found']
298,"Remind me at 2:30 pm that it's 27%,","remind : pm it's %,",['Not Found']
299,"Why general? I need specific reminder with the task discription,","general? need specific reminder task discription,",['Not Found']
300,"Remind me to go to movie dangal at 7pm,","remind go movie dangal pm,",['Not Found']
301,"Do you know what to remind me about,","know remind about,",['how']
302,"Could u pls set a reminder for me,","could u pls set reminder me,",['Not Found']
303,"Remind me to message ANIL PIE on 27th morning at 10:00 am,","remind message anil pie th morning : am,",['Not Found']
304,"Can u tell me something about u?,","u tell something u?,",['you']
305,"Visit puma store reminder at 630pm today,","visit puma store reminder pm today,",['Not Found']
306,"Can you please give a call around 4 .30 pm IST,","please give call around  . pm ist,",['give me a call']
307,"Reminde me aftr 1 hour,","reminde aftr  hour,",['Not Found']
308,"Do we need internet for Marvel Future fight.,","need internet marvel future fight.,",['Not Found']
309,"Could you please remind me for wish my friend for birthday.... today at 9am,","could please remind wish friend birthday.... today am,",['wish']
310,"set a reminder for me,","set reminder me,",['What']
311,"Remind me today at 11 pm about sarkari noukari,","remind today  pm sarkari noukari,",['the same']
312,"Oh yes! But right now there is nothing that I would like to be reminded about.. I will let you know if I need.,","oh yes! right nothing would like reminded about.. let know need.,",['Nothing']
313,"Remind me to to go to Austria on 3 march,","remind go austria  march,",['how']
314,"Thank u,","thank u,",[')']
315,"1/2 tab of Stamlobeta at 9.30 AM, Ecospirin 150 mg by 2.00 PM and Tonact 40mg by 9.30 PM,","/ tab stamlobeta . am, ecospirin  mg . pm tonact mg . pm,",['Not Found']
316,"6am,","am,",['Not Found']
317,"thanks for the remainder,","thanks remainder,",['Not Found']
318,"Remains Me about going to Yusof home on 9.30 am,","remains going yusof home . am,",['Not Found']
319,"And please remind me at sharp 8:30,","please remind sharp :,",['Not Found']
320,"Ok thnx for reminding me,","ok thnx reminding me,",['reminding me']
321,"Change my self study remainder from 12:00 pm to 10:15 am,","change self study remainder : pm : am,",['study']
322,"Remind me of gng to Suhas Arc by 12,","remind gng suhas arc ,",['How']
323,"Hi samreen remind me to have a walk per one hour,","hi samreen remind walk per one hour,",['walk']
324,"Please set reminder for 9 pm to pay lic premium,","please set reminder  pm pay lic premium,",['Not Found']
325,"Please remind me at 5:45,","please remind :,",['Not Found']
326,"I want the reminder from 10 am till 8 pm in the night at the interval of 1 hour,","want reminder  till  pm night interval  hour,",['Not Found']
327,"Remind me at 2:42 pm today,","remind : pm today,",['the same']
328,"Reminder fr gym,","reminder fr gym,",['Not Found']
329,"Remind me with notification,","remind notification,",['How']
330,"Wish Birthday Name: Archana Atrawalkar Date: January 23, 2017 Time: 8 00 am,","wish birthday name: archana atrawalkar date: january ,  time:   am,",['Not Found']
331,"Thnx 2 remind me,","thnx  remind me,",['How']
332,"Remind me of calling at vyas classes tomorrow at 10.30 am,","remind calling vyas class tomorrow . am,",['class']
333,"Remind me evening time provide some data to a person,","remind evening time provide data person,",['Not Found']
334,"Today 7pm remind to go to see office,","today pm remind go see office,",['the same']
335,"Can you remind me for,","remind for,",['How']
336,"Remind me to book train ticket at 1030,","remind book train ticket ,",['book train tickets']
337,"A reminder a 7 pm as well,","reminder  pm well,",['Where']
338,"Add alarm,","add alarm,",['Alarm']
339,"Could you please remind me for on January 7 for watching sherlock holmes season 4 on axn,","could please remind january  watching sherlock holmes season  axn,",['Not Found']
340,"Set a reminder at 1.00 pm to get ready for class,","set reminder . pm get ready class,",['class']
341,"Pleade tell me about alto and wagonR,","pleade tell alto wagonr,",['you']
342,"Remind me to go to bhagyashrees place @8:20,","remind go bhagyashrees place @:,",['how']
343,"Can u remind somebody else too on my behalf?,","u remind somebody else behalf?,",['How']
344,"Put up a general reminder for ""form omkar"" at 8:30am tomorrow,","put general reminder ""form omkar"" :am tomorrow,",['Not Found']
345,"If I m offline then also u reminds me,","offline also u reminds me,",['Not Found']
346,"Remind me of reading newspaper loudly,","remind reading newspaper loudly,",['How']
347,"But how to indicate which schedule is this,","indicate schedule this,",['Not Found']
348,"7:00 am,",": am,",['Not Found']
349,"Ring *,","ring *,",['Not Found']
350,"Yes I would like you to remind me everyday starting from tomorrow,","yes would like remind everyday starting tomorrow,",['Not Found']
351,"Who is better? Sir Dhruneal or Mr. Doshi?,","better? sir dhruneal mr. doshi?,",['Not Found']
352,"How to manage reminders,","manage reminders,",['Not Found']
353,"Dismissed schedule.,","dismissed schedule.,",['Not Found']
354,"Set reminder for today on 7.20pm,","set reminder today .pm,",['Not Found']
355,"Can u plz remind me for a webinar at 4pm today,","u plz remind webinar pm today,",['the same']
356,"Reminder for Sunday 15 Jan birthday party for friend 's daughter,","reminder sunday  jan birthday party friend 's daughter,",['Not Found']
357,"Set reminder for 9:45am 9:50am, 9:55 am, 10:00 am, 10:05 am tomorrow,","set reminder :am :am, : am, : am, : tomorrow,",['the same']
358,"Will u ring,","u ring,",['Not Found']
359,"On 2 Jan around 9pm,"," jan around pm,",['Not Found']
360,"I want a reminder every Friday by 9:00 pm that I have practicals on Saturday,","want reminder every friday : pm practicals saturday,",['Not Found']
361,"Actually I have to email them. Remind me please,","actually email them. remind please,",['Not Found']
362,"So how you will remind me.,","remind me.,",['How']
363,"Remind me at 2.30 pm today for NRI account.,","remind . pm today nri account.,",['the same']
364,"Sory Sory..unknowingly I pressed it again..jus one reminder is enuf,","sory sory..unknowingly pressed again..jus one reminder enuf,",['Not Found']
365,"Can u help me remind my boyfriends birthday whc is on 22dec,","u help remind boyfriend birthday whc dec,",['birthday']
366,"Set Alarm from 4:40AM to 5:00AM, today, 5 minutes difference,","set alarm :am :am, today,  minute difference,",['Alarm']
367,"Remind me at 11.55am about lenovo fab sell on Flipkart,","remind .am lenovo fab sell flipkart,",['Not Found']
368,"Can you remind me to send an email to Raghu tomorrow morning @ 10am,","remind send email raghu tomorrow morning @ am,",['the same']
369,"Call me at 6 am and 6.40 am on 11 nobember,","call  .  nobember,",['Call']
370,"5 am,"," am,",['Not Found']
371,"Remind me tomorrow at 2 pm SBI CC bill payment,","remind tomorrow  pm sbi cc bill payment,",['the same']
372,"Remind me to charge battery at 8 am tomorrow,","remind charge battery  tomorrow,",['Not Found']
373,"Thanks...for reminding me,","thanks...for reminding me,",['reminding me']
374,"Remind me to pay rs 3500 to depak,","remind pay r  depak,",['How']
375,"Keep reminding me of studying hard. Tell me everytime that I have to be a Good Doctor.,","keep reminding studying hard. tell everytime good doctor.,",['reminding me']
376,"CAn u pls dismiss this reminder,","u pls dismiss reminder,",['Not Found']
377,"Set Alarm from 4:40AM to 5:00AM, today, 2 minutes difference,","set alarm :am :am, today,  minute difference,",['Alarm']
378,"Calling tomorrow rakesh kumar Jain at 12:30 pm,","calling tomorrow rakesh kumar jain : pm,",['calling me']
379,"Remind me at 9pm today. I need to fill a forn,","remind pm today. need fill forn,",['the same']
380,"Nope! Thank u for reminding,","nope! thank u reminding,",[')']
381,"Remind me onthis 9th to do recharge,","remind onthis th recharge,",['recharge']
382,"Remind me to make a presentation by 10am for debreif Spain trip,","remind make presentation am debreif spain trip,",['Not Found']
383,"Hi, pls change the reminders frequency to every 3 hours from the current frequency of 2 hrs,","hi, pls change reminder frequency every  hour current frequency  hrs,",['Not Found']
384,"I need this reminder every Saturday at the same time,","need reminder every saturday time,",['Not Found']
385,"Tata sky recharge remind me on 7th Jan at 3 clock,","tata sky recharge remind th jan  clock,",['recharge']
386,"Schedule to meet imran by 9 30pm today,","schedule meet imran  pm today,",['Not Found']
387,"I want to add one more b'day reminder,","want add one b'day reminder,",['Not Found']
388,"And what should go on my to-do list?,","go to-do list?,",['Not Found']
389,i would like this reminder every day,would like reminder every day,['Not Found']
390,"Iam little bit lazy so u can set one more alarm of 8 15am?,","iam little bit lazy u set one alarm  am?,",['Not Found']
391,"Call sanjay, rajesh today by 4 pm,","call sanjay, rajesh today  pm,",['Call me']
392,"Remind me to buy book tomorro at 8:00 am,","remind buy book tomorro : am,",['book tickets']
393,"Would like to set one more reminder,","would like set one reminder,",['Not Found']
394,"Remind me to take print out of my flight tickets,","remind take print flight tickets,",['take a print out']
395,"Remind me to go to washroom at 3am,","remind go washroom am,",['Not Found']
396,"Remind me in 2:00pm clock,","remind :pm clock,",['Not Found']
397,"For both the reminders,","reminders,",['Not Found']
398,"I want one reminder,","want one reminder,",['Not Found']
399,"Plz remind me for booking of Train ticket today at 10:45,","plz remind booking train ticket today :,",['ticket booking']
400,"I m getting irrigating from lot of calls from haptik,","getting irrigating lot call haptik,",['Call']
401,"I can remember now by my own,","remember own,",['Not Found']
402,"Pls set an alarm for 8 am,","pls set alarm  am,",['Not Found']
403,"Remind me to have sex with my girlfriend in two minutes,","remind sex girlfriend two minutes,",['How']
404,"Remind me at 4pm today to work on education,","remind pm today work education,",['the same']
405,"Remind me today at 1:40 pm for scooper,","remind today : pm scooper,",['the same']
406,"Morning. Thanks for the reminder....have a great day,","morning. thanks reminder....have great day,",['the reminders']
407,"Remind m tom at 11 to cal prof meena,","remind tom  cal prof meena,",['How']
408,"Can you remind me to do German assignments tomorrow please ?,","remind german assignment tomorrow please ?,",['Not Found']
409,"Remind me at 3 pm,","remind  pm,",['Not Found']
410,"Thanks for this call,","thanks call,",['call']
411,"It would be helpful if you could remind me to leave 45 minutes in advance, as I am leaving from Gurugram to Saket.,","would helpful could remind leave  minute advance, leaving gurugram saket.,",['leave']
412,"Remind me @ 2.30pm today,","remind @ .pm today,",['the same']
413,"Thanks... m about to have!,","thanks... have!,",[')']
414,"Set a reminder of bathing,","set reminder bathing,",['What']
415,"Thanks for the reminder Karan! :),","thanks reminder karan! :),",['the reminders']
416,"Remind me that i have to whatsapp manju aunty,","remind whatsapp manju aunty,",['How']
417,"Any alarm tone?,","alarm tone?,",['Alarm']
418,"Pls remind me to get 2 passport size photo for adhaar work.,","pls remind get  passport size photo adhaar work.,",['How']
419,"Do u remember me,","u remember me,",['Not Found']
420,"please remind me after 2 hrs,","please remind  hrs,",['Not Found']
421,"You remind me at 6 pm 4 jan,","remind  pm  jan,",['Not Found']
422,"Been busy, sorry about that.,","busy, sorry that.,",['Not Found']
423,"Hii remind me to download the splendid app,","hii remind download splendid app,",['How']
424,"Can you help me with weekly reminders of reading something,","help weekly reminder reading something,",['What']
425,"Remember its really important for me .,","remember really important .,",['Not Found']
426,"I need a reminder on 10 June 2017 about shilpi birthday,","need reminder  june  shilpi birthday,",['Not Found']
427,"Remind me to go office at 12. 30 pm tomorrow,","remind go office .  pm tomorrow,",['Not Found']
428,"Can you remind me to send quote for incastt machines,","remind send quote incastt machines,",['How']
429,"Remind me to go to post office on 12th Jan 2017 at 9 am,","remind go post office th jan   am,",['Not Found']
430,"Please set up 2nd alarm also for me,","please set nd alarm also me,",['Not Found']
431,"I need repeat alarm in next 5 mins,","need repeat alarm next  mins,",['Alarm']
432,"Remind me to take the tickets on 18th January 2017 at 3 pm. Thank you.,","remind take ticket th january   pm. thank you.,",['Not Found']
433,"Remind me the same in an hour please,","remind hour please,",['Not Found']
434,"Set it to till 9 pm,","set till  pm,",['Not Found']
435,"Thanks Mahesh for reminder,","thanks mahesh reminder,",['the reminders']
436,"Icon finder reminder still pending on 1st of the month,","icon finder reminder still pending st month,",['What']
437,"please remind the above tomorrow at same time,","please remind tomorrow time,",['Not Found']
438,"I need regular to remind me,","need regular remind me,",['Not Found']
439,"Remind me for KEB bill,","remind keb bill,",['How']
440,"Can you remind me to take my food from the fridge tomorrow,","remind take food fridge tomorrow,",['take a print out']
441,"Set reminder foe 1.45 pm today,","set reminder foe . pm today,",['Not Found']
442,"Tommorow 1 pm Reminder,","tommorow  pm reminder,",['Where']
443,"Could you set it till 12 am?,","could set till  am?,",['Not Found']
444,"Can you please help me create a schedule for the days,","please help create schedule days,",['Not Found']
445,"Set remi der after 10 min,","set remi der  min,",['Not Found']
446,"I changed my number so I need all my remainders to be sent to my new number..is that possible,","changed number need remainder sent new number..is possible,",['another number']
447,"Set a reminder for xrd slot on friday,","set reminder xrd slot friday,",['What']
448,"Can u set a reminder for the 3rd of feb,","u set reminder rd feb,",['What']
449,"Jai jinendra Thnx shrdha ji for my today schedule,","jai jinendra thnx shrdha ji today schedule,",['Not Found']
450,"Remind me to write the question paper in the morning,","remind write question paper morning,",['Not Found']
451,"Who kept alarm at this time shardha,","kept alarm time shardha,",['Alarm']
452,"Hey Ples Remind me pop drawing and vanity drg At 1pm,","hey ples remind pop drawing vanity drg pm,",['Not Found']
453,"Just remind me to collect books at 12:30,","remind collect book :,",['book tickets']
454,"Remind me tomorrow to collect my marks cards.,","remind tomorrow collect mark cards.,",['Not Found']
455,"Another 2 alarms at 8:00am , 8:20am also... Plz,","another  alarm :am , :am also... plz,",['another alarm']
456,"I know very well about ur haptik how to use but when to use i will decide,","know well ur haptik use use decide,",['Not Found']
457,"Remind tomorrow at 11 am about talking to bindu n shiv about the customer complaint.,","remind tomorrow  talking bindu n shiv customer complaint.,",['Not Found']
458,"make medic reminder at 11.30 am,","make medic reminder . am,",['Not Found']
459,"Set an alarm at 7:30 pm today.,","set alarm : pm today.,",['Not Found']
460,"Remind me that I should get ready early tomorrow and go to temple in the morning,","remind get ready early tomorrow go temple morning,",['go to the temple']
461,"Give me a call @ 8 pm,","give call @  pm,",['Call']
462,"Remind me to type report at 9 pm today,","remind type report  pm today,",['the same']
463,"Can you please adjust the schedule,","please adjust schedule,",['Not Found']
464,"Remind me to deposit PPF amount at 3 pm today,","remind deposit ppf amount  pm today,",['the same']
465,"Plz remind me before every match,","plz remind every match,",['Not Found']
466,"Can u set this every day,","u set every day,",['Not Found']
467,"Hi,","hi,",['Not Found']
468,"Remind me to take puneet construction brief at 12pm,","remind take puneet construction brief pm,",['Not Found']
469,"Set reminder for insurance payment on 15th February,","set reminder insurance payment th february,",['Not Found']
470,"Remind me to go to bank today at 3:00 PM,","remind go bank today : pm,",['go bank']
471,"Can you change my reminders,","change reminders,",['Not Found']
472,"Remind me tommorow in morning about my summer training report file submission,","remind tommorow morning summer training report file submission,",['Not Found']
473,"Remind me on 18th jan 2 atttend seminar dated 19th jan Thursday,","remind th jan  atttend seminar dated th jan thursday,",['Not Found']
474,"Can you change the reminder time for tommorow s meeting to 9.30 ?,","change reminder time tommorow meeting . ?,",['Not Found']
475,"Remind me to buy Gehu today at 1pm,","remind buy gehu today pm,",['the same']
476,"why havent uh called me up for my alarm,","havent uh called alarm,",['Alarm']
477,"Remind me to take my lab coat at tomorrow morning 8 am,","remind take lab coat tomorrow morning  am,",['the same']
478,"Set at 8:30,","set :,",['Not Found']
479,", Agar Mujhe Pani Peene Ke Liye Koi reminder set karo,",", agar mujhe pani peene ke liye koi reminder set karo,",['What']
480,"Kindly reschedule the alarm for 7 am,","kindly reschedule alarm  am,",['Alarm']
481,"Thankyou for the reminder.,","thankyou reminder.,",['all the reminders']
482,"Call to srinath at 2om,","call srinath om,",['Call']
483,"Tmrw I go to church at 11.30 pm. Create a schedule,","tmrw go church . pm. create schedule,",['Not Found']
484,"Remind me on 13th Jan to meet mr Saboo next day,","remind th jan meet mr saboo next day,",['Not Found']
485,"Yeah can i pick up that call...and will some one please say good morning mick have a nice day,","yeah pick call...and one please say good morning mick nice day,",['Not Found']
486,"ILC remainder,","ilc remainder,",['Where']
487,"Can u remember me about to atten alluminai on 3 rd December 9.00 clock am,","u remember atten alluminai  rd december . clock am,",['Not Found']
488,"Deactivate all my alarms and reminders.,","deactivate alarm reminders.,",['Alarm']
489,"Set reminder at 6 pm tomorrow to go driving classes,","set reminder  pm tomorrow go driving classes,",['Not Found']
490,"Hi.. there is a change in schedule.,","hi.. change schedule.,",['Not Found']
491,"Dish Tv recharge reminder set karna hai,","dish tv recharge reminder set karna hai,",['recharge']
492,"I wana set reminder,","wana set reminder,",['What']
493,"Remind to pay 9009 to Vasanti textiles tomo at 12pm,","remind pay  vasanti textile tomo pm,",['Not Found']
494,"Remind me to take a cake home at 7pm today,","remind take cake home pm today,",['the same']
495,"khushboo could you remind me to eat every 2.5 hours starting from 8am today?,","khushboo could remind eat every . hour starting am today?,",['eat']
496,"Oops need a reminder an hour bfr plz,","oops need reminder hour bfr plz,",['Not Found']
497,"Can you please set me alarm,","please set alarm,",['Not Found']
498,"Can you remind me today to wish tony stark a happy birthday,","remind today wish tony stark happy birthday,",['wish']
499,"Can you set reminder for my friend,","set reminder friend,",['What']
500,"Reminder on 14th January 9:00 am,","reminder th january : am,",['Not Found']
501,"Ok cn i get a nice song on d call,","ok cn get nice song call,",['get a call']
502,"9637521432,",",",['Not Found']
503,"What reminder?,","reminder?,",['What']
504,"About what?,","what?,",['Not Found']
505,"Thanks for reminding all these while,","thanks reminding while,",[')']
506,"Please remind me this Saturday for shopp8ng,","please remind saturday shoppng,",['Not Found']
507,"Please set another reminder,","please set another reminder,",['Another']
508,"make a reminder for me,","make reminder me,",['Not Found']
509,"Remind me to take a bath today at 10.45 am,","remind take bath today . am,",['the same']
510,"now set the birthday at 31st dec time 11:55,","set birthday st dec time :,",['Not Found']
511,"Remind me at 11.52 for session,","remind . session,",['How']
512,"Remind me to go to 'blue orange,","remind go 'blue orange,",['how']
513,"Do you know any thing about karol darwaja delhi market?,","know thing karol darwaja delhi market?,",['Not Found']
514,"I had requested that reminder alerts be cancelled now,","requested reminder alert cancelled now,",['What']
515,"Remind to book flight tickets on 1st Dec,","remind book flight ticket st dec,",['book tickets']
516,"I want remainder,","want remainder,",['Not Found']
517,"ok so plz remind me evry 2 hours to stay me hydrate,","ok plz remind evry  hour stay hydrate,",['Not Found']
518,"You sure I'll get a call?,","sure i'll get call?,",['get a call']
519,"Thank you for calling me,","thank calling me,",['calling me']
520,"Can I set a daily remainder?,","set daily remainder?,",['Not Found']
521,"Schedule it for all days of week,","schedule day week,",['Not Found']
522,"Postpone the reminder to tomorrow,","postpone reminder tomorrow,",['Not Found']
523,"U reminded me late though,","u reminded late though,",['Not Found']
524,"Set another remainder at 8 45,","set another remainder  ,",['Not Found']
525,"Thanks for the reminder! Happy new year!!!!,","thanks reminder! happy new year!!!!,",['the reminders']
526,"Ok thanks,","ok thanks,",[')']
527,"Actually I need a reminder For everymonth 5th,","actually need reminder everymonth th,",['Not Found']
528,"Remind me about asking definite integration,","remind asking definite integration,",['How']
529,"Also remind me to complete the BMS OQ from my side at 4PM,","also remind complete bm oq side pm,",['Not Found']
530,"When you are reminding me.,","reminding me.,",['reminding me']
531,"When is ankit birthday deepika,","ankit birthday deepika,",['Not Found']
532,"Hi shruti,please set an alarm for 5:54 pm today..,","hi shruti,please set alarm : pm today..,",['Not Found']
533,"Could you remind to Submit IQN,","could remind submit iqn,",['How']
534,"Pl.remind me 1) 1st of every month for putting fertilizer in the plants .... 2) 15th of every month for putting organic pesticide for plants.,","pl.remind ) st every month putting fertilizer plant .... ) th every month putting organic pesticide plants.,",['the same']
535,"REMIND ME TO WISH AAHELI ON 18th JANUARY,","remind wish aaheli th january,",['wish']
536,"Would you remind one of my friend too?,","would remind one friend too?,",['Not Found']
537,"Sir u remember me,","sir u remember me,",['Not Found']
538,"Remind me to make ShopCJ invoice,","remind make shopcj invoice,",['How']
539,"Keep the reminders alive today. Thanks.,","keep reminder alive today. thanks.,",['the reminders']
540,"Alarm in 2 hours,","alarm  hours,",['Alarm']
541,"Remind me nitrogen gas filling for car on 28/11/16 at 9am,","remind nitrogen gas filling car // am,",['Not Found']
542,"Can you remind me at 9.30Am to do yoga,","remind .am yoga,",['Not Found']
543,"Can u set remainder Sayali for me,","u set remainder sayali me,",['Not Found']
544,"Remind me to take my Vitamin D tablets every Friday, in the evening.,","remind take vitamin tablet every friday, evening.,",['take tablets']
545,"Will u call and inform at the correct time,","u call inform correct time,",['Not Found']
546,"Wrong reminder coming,","wrong reminder coming,",['What']
547,"Would you remind me about flight,","would remind flight,",['How']
548,"Mam...can you just give me a reminder of tomorrow's tution at 8:15 am,","mam...can give reminder tomorrow's tution : am,",['Not Found']
549,"Can I set as repeatative?,","set repeatative?,",['Not Found']
550,"Can u remind me tomorrow at around 12 to pick up my things from the shop,","u remind tomorrow around  pick thing shop,",['Not Found']
551,"Hey! Can u remind me in every 2hour,","hey! u remind every hour,",['Not Found']
552,"Today i need an reminder for buying bansuri and flag,","today need reminder buying bansuri flag,",['Not Found']
553,"Can you save a reminder for me to play clash royale,","save reminder play clash royale,",['What']
554,"Remind me of meting on 27th November,","remind meting th november,",['Not Found']
555,"How will that reminder be??,","reminder be??,",['What']
556,"Remind me at 9 pm to day,","remind  pm day,",['Not Found']
557,"Set alarm for 8o'clock,","set alarm o'clock,",['Not Found']
558,"Remind me to take a shower at 12 45 pm,","remind take shower   pm,",['Not Found']
559,"Can u set an reminder,","u set reminder,",['What']
560,"Remind me in the next 30 minutes about the abovesaid task,","remind next  minute abovesaid task,",['Not Found']
561,"tomorrow at 11 am remind me to perder jockey tactel,","tomorrow  remind perder jockey tactel,",['Not Found']
562,"Pls change the reminder,","pls change reminder,",['Not Found']
563,"Please remind me on 1am for shutdown laptop,","please remind am shutdown laptop,",['Not Found']
564,"Need a reminder 15mins before pls,","need reminder mins pls,",['Not Found']
565,"Add new reminder,","add new reminder,",['Not Found']
566,"Plz make my schedule for tmw,","plz make schedule tmw,",['Not Found']
567,"Hey ,can you remind me to Start reading chapter 9 in my book?,","hey ,can remind start reading chapter  book?,",['book tickets']
568,"Please remind me everyday for brush,","please remind everyday brush,",['Not Found']
569,"Good morning Pourush,","good morning pourush,",[')']
570,"Can you remind me to right my diary everyday at 11:55 pm,","remind right diary everyday : pm,",['Not Found']
571,"Remind me to study 7p's & second unit of BE tomorrow,","remind study p's & second unit tomorrow,",['study']
572,"To remind ma'am about the class on 5th,","remind ma'am class th,",['class']
573,"Bro I need study reminder daily is it possible,","bro need study reminder daily possible,",['study']
574,"Todays is Most importent in My life...... Want u to remind me every year,","today importent life...... want u remind every year,",['the same']
575,"I want to gift a cake to someone,","want gift cake someone,",['Not Found']
576,"Hey, can you remind me to sleep at 4 PM today?,","hey, remind sleep  pm today?,",['sleep']
577,"Reminder today,","reminder today,",['Not Found']
578,"Remind me to go at Red Cross at 4:30pm in evening 25/11/2016,","remind go red cross :pm evening //,",['Not Found']
579,"Please set a reminder for me just after 20minutes wat the time is right now,","please set reminder minutes wat time right now,",['Not Found']
580,"Remind to take cet material to cls @ 4 30 pm,","remind take cet material cl @   pm,",['Not Found']
581,"Can you remind me to go to photo studio for passport size photo. At 12:00pm today,","remind go photo studio passport size photo. :pm today,",['the same']
582,"Remind me on 12 December,","remind  december,",['How']
583,"Can u remind me that,","u remind that,",['How']
584,"Remind me to pay my axis cc bill,","remind pay axis cc bill,",['How']
585,"9327426063,",",",['Not Found']
586,"Okay..,","okay..,",['Not Found']
587,"I want reminder every time when I get new Gmail,","want reminder every time get new gmail,",['Not Found']
588,"Need an alarm at 7 PM today,","need alarm  pm today,",['Not Found']
589,"Please also remind me to walk every 25 mins,","please also remind walk every  mins,",['walk']
590,"For alarm i should on the net,","alarm net,",['Alarm']
591,"You faild to remind me on time, sad,","faild remind time, sad,",['Not Found']
592,"Is daily reminder available?,","daily reminder available?,",['Not Found']
593,"Please set a reminder for me to book tatkal at 11.30 am tomorrow,","please set reminder book tatkal . tomorrow,",['Not Found']
594,"Can you connect all my friends list from Facebook and remind me accordingly.,","connect friend list facebook remind accordingly.,",['How']
595,"Thanks for calling!,","thanks calling!,",['calling me']
596,Is there any such facility that you guys keep calling till the time I answer,facility guy keep calling till time answer,['calling me']
597,"remind me entire day today to register for courses,","remind entire day today register courses,",['Not Found']
598,"ReMind me to bring bill book tomorrow,","remind bring bill book tomorrow,",['Not Found']
599,"Can you remind me d same thing at 5:00 pm tomorrow..?,","remind thing : pm tomorrow..?,",['the same']
600,"Remind me to say her to bring her ece copy in the colg,","remind say bring ece copy colg,",['How']
601,"One more thing can you please remind,","one thing please remind,",['Not Found']
602,"Please send other reminder details,","please send reminder details,",['Not Found']
603,"List of reminder,","list reminder,",['What']
604,"To remind me,","remind me,",['How']
605,"Can you remind me to watch movie,","remind watch movie,",['watch a movie']
606,"Remainder to eat fruit,","remainder eat fruit,",['eat']
607,"Thanks for remindering me,","thanks remindering me,",[')']
608,"Can you schedule a reminder,","schedule reminder,",['What']
609,"Hey.. Can you give me a reminder at 1.57 for the next Mi shake shake game..,","hey.. give reminder . next mi shake shake game..,",['When']
610,"I get reminder only when internet is ON,","get reminder internet on,",['How']
611,"Once again remind me at 8.35,","remind .,",['How']
612,"Remind me to attend caw 2:45 pm December 15,","remind attend caw : pm december ,",['Not Found']
613,"Set a reminder for me,","set reminder me,",['What']
614,"How many times you are going to call me for the same,","many time going call same,",['Not Found']
615,"I got to Skype with my friend at 8:30 pm can you please remind me that?,","got skype friend : pm please remind that?,",['Not Found']
616,"Remind me to play guitar,","remind play guitar,",['How']
617,"How will be the ""call?,","""call?,",['Call']
618,"Bro,","bro,",['Not Found']
619,"Can you remind my wife tmrw to take her vitamin D injection at 3 pm,","remind wife tmrw take vitamin injection  pm,",['Not Found']
620,"I want to make reminder,","want make reminder,",['Not Found']
621,"Reminder 2 being pomogranet tody at 5pm,","reminder  pomogranet tody pm,",['Where']
622,"Maybe later..,","maybe later..,",['Not Found']
623,"What about,","about,",['Not Found']
624,"I need the reminder between 4 pm to 11 pm,","need reminder  pm  pm,",['Not Found']
625,"Remind me from tomorrow,","remind tomorrow,",['Not Found']
626,"Ping me later jab m home,","ping later jab home,",['Not Found']
627,"Please end reminder,","please end reminder,",['Not Found']
628,"I want reminders all day,","want reminder day,",['Not Found']
629,"About to carry a ring for sivaswamy,","carry ring sivaswamy,",['Not Found']
630,"Details for which reminder?,","detail reminder?,",['What']
631,"Remind to go for walk n yoga,","remind go walk n yoga,",['go for a walk']
632,"Remind me to come at 8 pm today,","remind come  pm today,",['the same']
633,"Thanq. And remove(delete) all previous wakeup calls. Plz.,","thanq. remove(delete) previous wakeup calls. plz.,",['wakeup']
634,"Remind me too mail up my client,","remind mail client,",['How']
635,"Call ficci at 11 00 am tomorrow n thereafter call dme,","call ficci   tomorrow n thereafter call dme,",['Call me']
636,"Remind me to wish vritz on her birthday which is on 11th november,","remind wish vritz birthday th november,",['Not Found']
637,"Take chakli from sachin reminder,","take chakli sachin reminder,",['take tablets']
638,"About Insurance refund,","insurance refund,",['Not Found']
639,"Remind me to bring hair oil today,","remind bring hair oil today,",['the same']
640,"I have a journey tomorrow night please remind me the same in the morning,","journey tomorrow night please remind morning,",['Not Found']
641,"Please remind me to repair my laptop on Saturday I.e on 03-Dec-2016 at 9:30 AM,","please remind repair laptop saturday i.e -dec- : am,",['Not Found']
642,"Remind that maruti car insurance policy will come on Monday at 12 Tell dad about it,","remind maruti car insurance policy come monday  tell dad it,",['how']
643,"I would like to set to do list reminder,","would like set list reminder,",['Not Found']
644,"I am late to office,","late office,",['Not Found']
645,"2 calls,"," calls,",['Not Found']
646,"Reminder to Marriage ceremony,","reminder marriage ceremony,",['What']
647,"Remind me for my recharge,","remind recharge,",['recharge']
648,"Need to put in reminders for tom.,","need put reminder tom.,",['Not Found']
649,"Remind me tomorrow by 11 about baerlocher endorsements,","remind tomorrow  baerlocher endorsements,",['Not Found']
650,"Remind me today at 1700hr to put fashion designer job requirement,","remind today hr put fashion designer job requirement,",['Not Found']
651,"Remaind me for every 2 hours,","remaind every  hours,",['Not Found']
652,"I want to set a new reminder,","want set new reminder,",['Not Found']
653,"Will i have two alarms,","two alarms,",['Not Found']
654,"K. Thank you so much for your remainder,","k. thank much remainder,",['Not Found']
655,"Did you set the target?,","set target?,",['Not Found']
656,"Plz remind me again at 2:30,","plz remind :,",['Not Found']
657,"Remind me at 9Pm to buy a fill for FM-2,","remind pm buy fill fm-,",['Not Found']
658,"Tanushree... plz remind me at proper hour,","tanushree... plz remind proper hour,",['Not Found']
659,"Can u please remind me to charge my phone at 3:30pm,","u please remind charge phone :pm,",['charge my phone']
660,"Heyya listen .... I need to know about something,","heyya listen .... need know something,",['Not Found']
661,"Just remind me to tune the channel of TV @ 9:00pm,","remind tune channel tv @ :pm,",['Not Found']
662,"Do I have any reminder for today?,","reminder today?,",['Not Found']
663,"Ya I know but remind me to go jacking ok,","ya know remind go jacking ok,",['how']
664,"Please close the reminder,","please close reminder,",['Not Found']
665,"Remind me at 9 pm today of it return of Nextgen employee,","remind  pm today return nextgen employee,",['the same']
666,"7:00,",":,",['Not Found']
667,"Remind me to move cupboard today at 9:30pm,","remind move cupboard today :pm,",['the same']
668,"Will discuss in evening,","discus evening,",['Not Found']
669,"set me an alarm on 8:00am on 28-12-16,","set alarm :am --,",['Not Found']
670,"I already told about reminder of hr mantra app,","already told reminder hr mantra app,",['Not Found']
671,"Hi gm,","hi gm,",['Not Found']
672,"Remind me to go to gym today at 5:34 pm,","remind go gym today : pm,",['go to gym']
673,"can you suggest me the application for schedule silent mode n general mode,","suggest application schedule silent mode n general mode,",['Not Found']
674,"What is the reminder I have set?,","reminder set?,",['What']
675,"U haven't called me right???,","u haven't called right???,",['Not Found']
676,"N one more reminder I wanna set for 5:10am 26 december,","n one reminder wanna set :am  december,",['Not Found']
677,"Can you please put this as a reminder for 7th dec 12pm again please,","please put reminder th dec pm please,",['Not Found']
678,"Can you remind me to replace my lenses on 19th December,","remind replace lens th december,",['Not Found']
679,"set remider,","set remider,",['Not Found']
680,"Remind me to keep the pass back at 2.00 pm tomorrow (19th November),","remind keep pas back . pm tomorrow (th november),",['the same']
681,"Remind me bro bday at 11am today,","remind bro bday am today,",['the same']
682,"Remind me for economics notes at 2:50PM today,","remind economics note :pm today,",['the same']
683,"Remind me to take a book for assinment today at 12:00 pm ok,","remind take book assinment today : pm ok,",['take lunch']
684,"Set reminder on 5th December for visiting doctor on 6th December at Park clinic,","set reminder th december visiting doctor th december park clinic,",['doctor']
685,"Repeat alarm at 8 am please,","repeat alarm  please,",['Not Found']
686,"And also remain me on Friday 10 am about medical bill,","also remain friday  medical bill,",['Not Found']
687,"Remind me same at 10.40pm today,","remind .pm today,",['the same']
688,"At least there should be notification popup because how would i get the reminder that i have to do something,","least notification popup would get reminder something,",['Not Found']
689,"Remind me to ask simar to do 10 maths questions and learn square root table,","remind ask simar  math question learn square root table,",['How']
690,"Also remind me to mail the presentation to Bloomberg tomorrow at 11 am,","also remind mail presentation bloomberg tomorrow  am,",['the same']
691,"Can u remind me on Monday at 1100 am to ask muthu on confirmation for the training,","u remind monday  ask muthu confirmation training,",['How']
692,"Reminder for ticket booking,","reminder ticket booking,",['ticket booking']
693,"Remind me tommorow to write jaasa uncle's 2000 rupees at 12 pm,","remind tommorow write jaasa uncle's  rupee  pm,",['Not Found']
694,"Can you remind me for tomorrow,","remind tomorrow,",['Not Found']
695,"Set a reminder for 4pm also Medical check up,","set reminder pm also medical check up,",['Not Found']
696,"i have problem with 11:58pm reminder please remoe it,","problem :pm reminder please remoe it,",['Not Found']
697,"Reminder for study time,","reminder study time,",['study']
698,"Pls remind me to that I need to submit my documents tmw mng,","pls remind need submit document tmw mng,",['Not Found']
699,"Okay thank you... That will be total 2 reminders is it?,","okay thank you... total  reminder it?,",['Not Found']
700,"Please remind me to get ioning cloths at 730 pm today evening,","please remind get ioning cloth  pm today evening,",['Not Found']
701,"Remind me tomorrow about buying pen for taran with bill. At 9 am.,","remind tomorrow buying pen taran bill.  am.,",['the same']
702,"Remind me to go to dad's shop @ 2:30 pm,","remind go dad's shop @ : pm,",['Not Found']
703,"Tomo evening at 4.30 pm remember me i should go to near basavana bhavan,","tomo evening . pm remember go near basavana bhavan,",['Not Found']
704,"remind me to watch baar bar dekho at 8.00 pm today,","remind watch baar bar dekho . pm today,",['the same']
705,"Hello, when did I ask for this reminder?,","hello, ask reminder?,",['What']
706,"Please remind me to do payment of credit card today at 10:10 am,","please remind payment credit card today : am,",['credit card payment']
707,"i need a reminder in tamil,","need reminder tamil,",['Not Found']
708,"please remind me to open crystals at 1655 hours,","please remind open crystal  hours,",['Not Found']
709,"Via call?,","via call?,",['Call']
710,"Edit my reminder,","edit reminder,",['What']
711,"Remind me in 12:50pm,","remind :pm,",['Not Found']
712,"Add some more reminders,","add reminders,",['Not Found']
713,"Remind me to book tickets today,","remind book ticket today,",['book tickets']
714,"I want to remind to my wife birthday,","want remind wife birthday,",['Not Found']
715,"i will stopped reminder,","stopped reminder,",['What']
716,"Alert tone?,","alert tone?,",['Not Found']
717,"Set me a reminder after 12 minutes,","set reminder  minutes,",['What']
718,"Can u remind me every day that i have punch in at zinger at 9:45 am ??,","u remind every day punch zinger : ??,",['Not Found']
719,"Ya sure you can,","ya sure can,",['Not Found']
720,"Everyday,","everyday,",['Not Found']
721,"If my provided number will be out of reach den plz make me a call on 8804033000,","provided number reach den plz make call ,",['Not Found']
722,"Set Alarm from 10:400AM to 10:50AM, today, 2 minutes difference,","set alarm :am :am, today,  minute difference,",['Alarm']
723,"Also remind me to book ticket of partha on 3rd Jan at 09:30,","also remind book ticket partha rd jan :,",['book tickets']
724,"Add a reminder on 24th nov at 3.30 at meet Mr. Oak,","add reminder th nov . meet mr. oak,",['Not Found']
725,"And remind me to check mi store,","remind check mi store,",['How']
726,"How can i set reminders,","set reminders,",['Not Found']
727,"I want to change my child name from kanishk to kanishk lodha in birth certificate tell me procedure for Tamil nadu Chennai Wat is easiest way,","want change child name kanishk kanishk lodha birth certificate tell procedure tamil nadu chennai wat easiest way,",['you']
728,"Please call.me on 10 Nov, 2016 at 11 am IST please,","please call.me  nov,   ist please,",['Not Found']
729,"Give a cll to me at 4pm today to remind me to buy smthing,","give cll pm today remind buy smthing,",['the same']
730,"Any upcoming events?,","upcoming events?,",['Not Found']
731,"remind me 9pm,","remind pm,",['Not Found']
732,"Hi, please remind me tomorrow to go to parlour for my eyebrows done.ok,","hi, please remind tomorrow go parlour eyebrow done.ok,",['Not Found']
733,"Today I have set a reminder at morning 9 am,","today set reminder morning  am,",['Not Found']
734,"Thank u for remember me,","thank u remember me,",['Not Found']
735,"My reminder came late,","reminder came late,",['What']
736,"Does haptik send me reminders from a single mobile number?,","haptik send reminder single mobile number?,",['How']
737,"But call on above mention number just said recharge,","call mention number said recharge,",['Call']
738,"Remind me to buy eggs at 6 pm today,","remind buy egg  pm today,",['buy eggs']
739,"My reminder of march 18th 2017,","reminder march th ,",['What']
740,"Cud u make it hydrating reminder frequency by hour,","cud u make hydrating reminder frequency hour,",['Not Found']
741,"I want to set it as yearly reminder,","want set yearly reminder,",['Not Found']
742,"Thanks man...i ll let you know in case of any assistance,","thanks man...i let know case assistance,",[')']
743,"K thks remember with me,","k thks remember me,",['Not Found']
744,"I said except on sunday I need a daily alarm at 7:05 AM,","said except sunday need daily alarm : am,",['Not Found']
745,"Remind me to collect headpone today at 5pm,","remind collect headpone today pm,",['the same']
746,"Plz remind me to eat something at 7pm,","plz remind eat something pm,",['eat']
747,"Please dismiss all my reminders,","please dismiss reminders,",['Not Found']
748,"Remind me today at 8:00 pm to make note,","remind today : pm make note,",['the same']
749,"Can I set reminder for another phone from this phone?,","set reminder another phone phone?,",['another reminder']
750,"Remind on Monday to call Vivin at 11 am,","remind monday call vivin  am,",['Call']
751,"I also need a general reminder to upload the documents at 11.30 am,","also need general reminder upload document . am,",['Not Found']
752,"Please remind me that I have a flight from Chandigarh to Pune tomorrow at 1430 hours,","please remind flight chandigarh pune tomorrow  hours,",['Not Found']
753,"Change the frequency of reminder,","change frequency reminder,",['Not Found']
754,"Alarm same time this morning please?,","alarm time morning please?,",['Not Found']
755,"Can you remind me whenever JEE and Gujcet exam online application starts??,","remind whenever jee gujcet exam online application starts??,",['exam']
756,"Whats that reminder for,","whats reminder for,",['What']
757,"Remind me at 4:20 pm,","remind : pm,",['Not Found']
758,"Reminders for every month,","reminder every month,",['Not Found']
759,"Tell me about best and safe file sharing app,","tell best safe file sharing app,",['you']
760,"Pls remind for go to garden at 430pm,","pls remind go garden pm,",['Not Found']
761,"Please do setup reminder,","please setup reminder,",['Not Found']
762,"Surely,Thanks. The same will be for the Language Reminder too?,","surely,thanks. language reminder too?,",['the reminders']
763,"How could uhh remind me,","could uhh remind me,",['How']
764,"Second d reminder today 830 pm for the same,","second reminder today  pm same,",['Not Found']
765,"Remind for RO service,","remind ro service,",['How']
766,"Call me immediately,","call immediately,",['Call']
767,"Pls remind on 7th Jan 2017 at 11am for filling hallticket of nmis,","pls remind th jan  am filling hallticket nmis,",['Not Found']
768,"Remind me for purchase of pillows at 5 pm today,","remind purchase pillow  pm today,",['the same']
769,"Ok can you schedule the same task for 2:45 pm today,","ok schedule task : pm today,",['Not Found']
770,"Every Saturday at 9 pm,","every saturday  pm,",['Not Found']
771,"I need a reminder,","need reminder,",['Not Found']
772,"Reminder on another number,","reminder another number,",['another number']
773,"Remind me about Lenskart,","remind lenskart,",['How']
774,"Phone call,","phone call,",['Call']
775,"Will u plz set a reminder for me,","u plz set reminder me,",['Not Found']
776,"I need a reminder after 56 days,","need reminder  days,",['Not Found']
777,"Please remind me morrow at 5.15,","please remind morrow .,",['Not Found']
778,"Remind me at 4 pm to visit ICICI Bank and boxer,","remind  pm visit icici bank boxer,",['go bank']
779,"Can you remind me to do the same after an hour please?,","remind hour please?,",['Not Found']
780,"Does my phone need to be connected to Internet for reminders?,","phone need connected internet reminders?,",['Not Found']
781,"Set an alarm for 9 am today,","set alarm  today,",['Not Found']
782,"Give a reminder to carry laptop,","give reminder carry laptop,",['What']
783,"And remind me to do on every Monday to yuvakender at 9:25pm,","remind every monday yuvakender :pm,",['the same']
784,"Set one more reminder for tonight 930pm,","set one reminder tonight pm,",['Not Found']
785,"How will I get a reminder?,","get reminder?,",['How']
786,"can you remaind me to sleep at 10.35pm today,","remaind sleep .pm today,",['sleep']
787,"Remind me to submit my taxes and pay the man all my money at 12:24,","remind submit tax pay man money :,",['transfer money']
788,"Remind me to go to david sassoon library at 1.30,","remind go david sassoon library .,",['go to library']
789,"I wwant to make one more reminder,","wwant make one reminder,",['Not Found']
790,"Remind me to take interview of Pooja on 7th Dec at 8 P. M.,","remind take interview pooja th dec  p. m.,",['Not Found']
791,"Remind me to get true copy of agreement tomorrow,","remind get true copy agreement tomorrow,",['How']
792,"Remind me on 7 January for visit to borivali for Nagaur got at 3 pm,","remind  january visit borivali nagaur got  pm,",['Not Found']
793,"Call me on,","call on,",['Call']
794,"Please remind me the above,","please remind above,",['Not Found']
795,"Can you remind me to book ticket's for dec end tomorrow ??,","remind book ticket's dec end tomorrow ??,",['book a ticket']
796,"Thanks for reminder.,","thanks reminder.,",['the reminders']
797,"Need repeat alarm in next 5 min,","need repeat alarm next  min,",['Alarm']
798,"Remind me to follow up with nana at 7 pm today.,","remind follow nana  pm today.,",['the same']
799,"Call me in 7898117441,","call ,",['Call']
800,"I want a reminder to go to Aziza at 4pm,","want reminder go aziza pm,",['Not Found']
801,"Remind me this at 11 am,","remind  am,",['Not Found']
802,"Please remind me on 3rd dec 2016... to deactivate active fitness pkg,","please remind rd dec ... deactivate active fitness pkg,",['Not Found']
803,"Remind me at four thorty to check the cookies,","remind four thorty check cookies,",['How']
804,"Remind me at 3:10 pm today,","remind : pm today,",['the same']
805,"Please remind me after 15 minutes for food,","please remind  minute food,",['Not Found']
806,"Can you set reminder for 18 December at 9 pm to book tickets for nations street food festival 2016,","set reminder  december  pm book ticket nation street food festival ,",['book a ticket']
807,"U can remind till 10,","u remind till ,",['How']
808,"This reminder for Shivani pathak okk????,","reminder shivani pathak okk????,",['What']
809,"Set an alarm at 8 am for tomorrow,","set alarm  tomorrow,",['Not Found']
810,"Yes komal go ahead,","yes komal go ahead,",['Not Found']
811,"again call me after 10 minutes,","call  minutes,",['Call']
812,"Yeah thanks for reminding me,","yeah thanks reminding me,",['reminding me']
813,"Was the call made by you at 12?,","call made ?,",['Call']
814,"Please schedule it for everyday,","please schedule everyday,",['Not Found']
815,"Nahi 9:15 Ko Mujhe Remind Karo,","nahi : ko mujhe remind karo,",['How']
816,"Remind me that I have math tuition at 2:00pm,","remind math tuition :pm,",['Not Found']
817,"Also, remind on Monday thrice,","also, remind monday thrice,",['Not Found']
818,"Remind me on 16 Dec at 5 pm for bday of vikas,","remind  dec  pm bday vikas,",['Not Found']
819,"I want this reminder daily,","want reminder daily,",['Not Found']
820,"Please remind me tomorrow at 1pm to mail my leave application,","please remind tomorrow pm mail leave application,",['leave']
821,"Remind me to cal ravi kumar,","remind cal ravi kumar,",['How']
822,"Remind me at 5pm to go veer hosiery,","remind pm go veer hosiery,",['Not Found']
823,"Reminder for electrochemical analysis today 11:30 am,","reminder electrochemical analysis today : am,",['Not Found']
824,"Make it for 10:30 am to call Jaineel,","make : call jaineel,",['Call']
825,"OBC loan payment. Remind me each month on 28th at 10:30,","obc loan payment. remind month th :,",['Not Found']
826,"Thanks for remind me,","thanks remind me,",['Not Found']
827,"Just tell me how this remainder option works?,","tell remainder option works?,",['you']
828,"31st Dec 6:45 am 7:00 am 7:10 am Will you schedule all of these please?,","st dec : : : schedule please?,",['Not Found']
829,"Reminder for roll num attest tomorrow at 10 am,","reminder roll num attest tomorrow  am,",['Not Found']
830,"Remind me to book movie tickets today at 12pm,","remind book movie ticket today pm,",['book tickets']
831,"Need to keep reminder,","need keep reminder,",['Not Found']
832,"16/1/2016 please remind about court in the morning 8am,","// please remind court morning am,",['Not Found']
833,"I need a reminder at 5.50 pm sharp.,","need reminder . pm sharp.,",['Not Found']
834,"9824671888,",",",['Not Found']
835,"Remind me for pollution check on 10/03/17at 8.45,","remind pollution check //at .,",['How']
836,"reminder on friday at 9 am,","reminder friday  am,",['Not Found']
837,"If I uninstall haptic will I get reminders?,","uninstall haptic get reminders?,",['How']
838,"thanks fr d reminder,","thanks fr reminder,",['all the reminders']
839,"Please remind me for paying online for movie tickets,","please remind paying online movie tickets,",['Not Found']
840,"Remind me to eat tablets,","remind eat tablets,",['eat']
841,"Remind me my match,","remind match,",['How']
842,"One more birthday remainder please,","one birthday remainder please,",['Not Found']
843,"Could tell me about taj mahal,","could tell taj mahal,",['you']
844,"Remind me at 10 o'clock tomorrow,","remind  o'clock tomorrow,",['Not Found']
845,"Will you remind me i have to watch movie?,","remind watch movie?,",['watch a movie']
846,"Why are nt you calling me,","nt calling me,",['calling me']
847,"9811027464,",",",['Not Found']
848,"Please set a general reminder for today @ 5:00 p.m.,","please set general reminder today @ : p.m.,",['Not Found']
849,"Call me at 8 plZ,","call  plz,",['Call']
850,"Remind me at 10 15 am everyday,","remind   everyday,",['Not Found']
851,"That's good service, can you send format of to do list ? Or how to prepare to do list ???,","that's good service, send format list ? prepare list ???,",[')']
852,"Remind me for shoes g wing and wholesale t & c at 1 pm today and tomorrow both,","remind shoe g wing wholesale & c  pm today tomorrow both,",['the same']
853,"On this 8th and 9th I arrange a meeting with military staff so please remind me at 9:30 am on those day,","th th arrange meeting military staff please remind : day,",['meeting']
854,"I wanted to set on more alarm,","wanted set alarm,",['Not Found']
855,"21 Nov call to Jaini for Jmd var on 10am,"," nov call jaini jmd var am,",['Call']
856,"Can u Mee what was today's reminders of me,","u mee today's reminder me,",['Not Found']
857,"Can u send automated message(scheduled) to any number,","u send automated message(scheduled) number,",['Not Found']
858,"Schedule reminder at 3:10pm today for cheque issue,","schedule reminder :pm today cheque issue,",['Not Found']
859,"I need a reminder at 11.55 pm January 6th,","need reminder . pm january th,",['Not Found']
860,"Why there isn't any sound for reminding messages?,","isn't sound reminding messages?,",['reminding me']
861,"Please remind me on :720 am,","please remind : am,",['Not Found']
862,"Hi I need 3 reminders a day 1. 11.30 am for salad 2. 1.30 pm for lunch 3. 4 pm for fruits,","hi need  reminder day . . salad . . pm lunch .  pm fruits,",['lunch']
863,"Pls remind me...Tomorrow I have to submit Power quality analysis report hard copy,","pls remind me...tomorrow submit power quality analysis report hard copy,",['Not Found']
864,"Remaind me at 11.59 am yaa,","remaind . yaa,",['Not Found']
865,"Ty for all the reminders,","ty reminders,",['all the reminders']
866,"Put a reminder for me,","put reminder me,",['Not Found']
867,"Remind me to bring atta from chakki today at 9.30pm,","remind bring atta chakki today .pm,",['the same']
868,"Hey, can you remind me to carry my laptop tomorrow morning?,","hey, remind carry laptop tomorrow morning?,",['Not Found']
869,"Can you remind me on my nu.mber 9269504000,","remind nu.mber ,",['How']
870,"Remind me to have a walk for every one hour in between 10 - 6pm,","remind walk every one hour  - pm,",['go for a walk']
871,"Yes thx want reminder daily,","yes thx want reminder daily,",['Not Found']
872,"Can u Remind me on buying gifts tomorrow for a contest at office may be around at 10:30 am tomorrow,","u remind buying gift tomorrow contest office may around : tomorrow,",['the same']
873,"Plz remind m after 5 min,","plz remind  min,",['Not Found']
874,"Can u setup one reminder as well,","u setup one reminder well,",['Not Found']
875,"Hi Daniel...remind me to take Airtel connection,","hi daniel...remind take airtel connection,",['How']
876,"that reminder ws 12.30 pm,","reminder w . pm,",['Where']
877,"Remind me to carry make up box,","remind carry make box,",['How']
878,"Thnqq for reminding me,","thnqq reminding me,",['reminding me']
879,"Call to 2ic tomorrow at 10.30 am,","call ic tomorrow . am,",['Call']
880,"Why arw you calling me.,","arw calling me.,",['calling me']
881,"Yes.,","yes.,",['Not Found']
882,"Reminder to pay insurance premium,","reminder pay insurance premium,",['What']
883,"Remind me Raheja Plaza hearing on 11-1-17 @ 12-30pm,","remind raheja plaza hearing -- @ -pm,",['Not Found']
884,"Guys, inspite my repeated request you all are still sending me these useless reminders what you want ? Should I downgrade your rating of your app or uninstall permanently.? Next reminder & I will do both thing so beware,","guys, inspite repeated request still sending useless reminder want ? downgrade rating app uninstall permanently.? next reminder & thing beware,",['When']
885,"Set a reminder in 18th,","set reminder th,",['What']
886,"Remind me according to glasses,","remind according glasses,",['How']
887,"Remind me at 9am in the morning to change the order to 100kg each,","remind am morning change order kg each,",['Not Found']
888,"I did get reminder,","get reminder,",['How']
889,"One reminder for 9th November 00.00 am,","one reminder th november . am,",['Not Found']
890,"9829210008,",",",['Not Found']
891,"Remind me on Monday about tax submission by 3 pm,","remind monday tax submission  pm,",['Not Found']
892,"This was such a small alarm,","small alarm,",['Alarm']
893,"All done madam.. thanks.. fortunately I remembered this,","done madam.. thanks.. fortunately remembered this,",[')']
894,"Can u please remind me to bring my laptop to college on Tuesday,","u please remind bring laptop college tuesday,",['Not Found']
895,"Remind me to have lunch at 2:30 pm today,","remind lunch : pm today,",['lunch']
896,"Thank u lot for remembering I really appreciate this service,","thank u lot remembering really appreciate service,",[')']
897,"Remind me to take my cheque book and bring it to office tomorrow,","remind take cheque book bring office tomorrow,",['book tickets']
898,"Hi.. I need reminder for folic acid only on Wednesdays.. Thanks,","hi.. need reminder folic acid wednesdays.. thanks,",['the reminders']
899,"Please remind me to visit Bsnl office on Monday 07.11.2016 at 13:30 pm,","please remind visit bsnl office monday .. : pm,",['Not Found']
900,"Reminder at 6,","reminder ,",['What']
901,"Want to set one reminder,","want set one reminder,",['Not Found']
902,"Oh s,","oh s,",['Not Found']
903,"Reminder to punch in biometry,","reminder punch biometry,",['What']
904,"Cool thanku soo much.... can u send me this msg detail along with a call that day?,","cool thanku soo much.... u send msg detail along call day?,",['Call']
905,"Remind me of a flight to Germany on 13th at 11 am,","remind flight germany th  am,",['Not Found']
906,"Please remind me to get the printout for a manual today at 7.30pm,","please remind get printout manual today .pm,",['Not Found']
907,"Schedule this for tomorrow,","schedule tomorrow,",['Not Found']
908,"I will let you know,","let know,",['Not Found']
909,"Afterwards,","afterwards,",['Not Found']
910,"Can you remind me to take deo on 24 th November at 4.45 pm,","remind take deo  th november . pm,",['Not Found']
911,"Sure thanks for reminding,","sure thanks reminding,",[')']
912,"Reminder message should be,","reminder message be,",['What']
913,"Can you remind me through phone alert?,","remind phone alert?,",['How']
914,"7 am,"," am,",['Not Found']
915,"I want to remember a birthday,","want remember birthday,",['Not Found']
916,"Dont't reminder me for every 30 minutes,","dont't reminder every  minutes,",['Not Found']
917,"Remind me for my cousin bday. At 23:50,","remind cousin bday. :,",['How']
918,"Pls remind me on same task at 9 pm,","pls remind task  pm,",['Not Found']
919,"Pls set to 10 am to 6 pm only,","pls set   pm only,",['Not Found']
920,"Reminder: management hour at 7:45pm today,","reminder: management hour :pm today,",['Not Found']
921,"Can you set a reminder for me,","set reminder me,",['What']
922,"I should be able to make conference calls from my mobile. Can you help?,","able make conference call mobile. help?,",['Call']
923,"Remind me to remind Rutu about training,","remind remind rutu training,",['How']
924,"Please remember me I have to buy a CD to tomorrow at 5 p.m.,","please remember buy cd tomorrow  p.m.,",['Not Found']
925,"Call me at 12 45 pm,","call   pm,",['Call']
926,"Thanks..,","thanks..,",[')']
927,"Thanks for the reminder, I had now,","thanks reminder, now,",['the reminders']
928,"If u remind me to study, then it will be much appreciated :p,","u remind study, much appreciated :p,",['study']
929,"Will i get my 6:30 pm call,","get : pm call,",['get a call']
930,"Where is my call,","call,",['Call']
931,"Hey sayali can you please remind me bring photo to college,","hey sayali please remind bring photo college,",['Not Found']
932,"Hi can I send reminders to my colleagues as well,","hi send reminder colleague well,",['Not Found']
933,"This Sunday.. Got a meeting with subesh sir. Schedule Tht for me please,","sunday.. got meeting subesh sir. schedule tht please,",['meeting']
934,"Remind me to book a cab at 6 o clock,","remind book cab  clock,",['book a cab']
935,"Good morning shreya,","good morning shreya,",[')']
936,"Tell me something about Amazon,","tell something amazon,",['you']
937,"Today at 12,","today ,",['Not Found']
938,"I need 2 calls one fr 7.00 am n another for 7.30 am,","need  call one fr . n another . am,",['Not Found']
939,"Make me remind tomorrow,","make remind tomorrow,",['Not Found']
940,"Keep remaining me about creating my own software for my company for this two weeks. From morning 10am to 6 pm every 2hours once.,","keep remaining creating software company two weeks. morning am  pm every hours once.,",['Not Found']
941,"Set reminder for 1:30 as i have to study bst,","set reminder : study bst,",['study']
942,"Thanks a lot to remind me,","thanks lot remind me,",['Not Found']
943,"Reminder for getting party games organzined,","reminder getting party game organzined,",['What']
944,"Pls set a alarm for 8 Am,","pls set alarm  am,",['Not Found']
945,"Call me at 9 am,","call  am,",['Call']
946,"Will u remind me daily,","u remind daily,",['Not Found']
947,"Where is aspirin reminder?,","aspirin reminder?,",['What']
948,"Pleaze remind me to download the gs notes today 9:30 Pm,","pleaze remind download g note today : pm,",['the same']
949,"Cud u plz set a reminder for me,","cud u plz set reminder me,",['Not Found']
950,"Remind me to have sex at 8pm,","remind sex pm,",['Not Found']
951,"Can you change my time 2 reminder of 10am to 10pm?,","change time  reminder am pm?,",['Not Found']
952,"But I ddnt get a cl from ur side for this reminder,","ddnt get cl ur side reminder,",['How']
953,"Remind me to take a haircut on the 25th at 6pm,","remind take haircut th pm,",['Not Found']
954,"Gayathri 03/01/17 5.10,","gayathri // .,",['Not Found']
955,"Does the phone have to be on to get the reminder,","phone get reminder,",['How']
956,"Yes.. You can remind me every day,","yes.. remind every day,",['Not Found']
957,"Can you please set this up,","please set up,",['Not Found']
958,"Can u pls remind me to make a list for all rip and repair styles in one folder,","u pls remind make list rip repair style one folder,",['Not Found']
959,"To which number you call?,","number call?,",['Call']
960,"Reminder for journey,","reminder journey,",['What']
961,"One more reminder at 11 am tomorrow to collect post office 5 year term deposit.,","one reminder  tomorrow collect post office  year term deposit.,",['Not Found']
962,"Hi .... please remind me to buy deo, pet food, nd grocery,","hi .... please remind buy deo, pet food, nd grocery,",['Not Found']
963,"Nopes i want you guys to make that call,","nopes want guy make call,",['Not Found']
964,"Like movie tickets  cabs etc. There must be another option. Like person assistance. Just a suggestion . Think about it.,","like movie ticket cab etc. must another option. like person assistance. suggestion . think it.,",['another reminder']
965,"Tomorrow poshan ahar meeting place reminder me at 9 am,","tomorrow poshan ahar meeting place reminder  am,",['meeting']
966,"Remind me about my daughters pajama party on 16.12.16,","remind daughter pajama party ..,",['How']
967,"Make it a schedule for all week days,","make schedule week days,",['Not Found']
968,"Can u Plz remind me to collect a frame @ 5,","u plz remind collect frame @ ,",['Not Found']
969,"One more reminder for s for tomo at 9.30 am,","one reminder tomo . am,",['Not Found']
970,"Remind me about Aadhar card,","remind aadhar card,",['How']
971,"Remind Saloni about Stacy courier on 29th November 2016 at 11am,","remind saloni stacy courier th november  am,",['Not Found']
972,"Set the alarm for 8am everyday,","set alarm am everyday,",['Not Found']
973,"Every month of 20th I need remainder,","every month th need remainder,",['Not Found']
974,"Set reminder at 2:30 pm To note down the result of aldol condensation,","set reminder : pm note result aldol condensation,",['Not Found']
975,"Remind me to hear kal ho na ho song on jan 7 at 3pm,","remind hear kal ho na ho song jan  pm,",['Not Found']
976,"Yes remind me every monday to friday,","yes remind every monday friday,",['Not Found']
977,"Remind me to Go for police verification,","remind go police verification,",['how']
978,"Also schedule the same for 7am and 7:30am too,","also schedule am :am too,",['Not Found']
979,"Thnaks,","thnaks,",['Not Found']
980,"Thanks neha. So nice of u,","thanks neha. nice u,",[')']
981,"didi can u stp all my reminders plz,","didi u stp reminder plz,",['Not Found']
982,"Remind me at 15.25 to go to meeting,","remind . go meeting,",['meeting']
983,"Remind me to leave for Vaishali at 4 pm today,","remind leave vaishali  pm today,",['leave']
984,"Please set the alarm for me at 9 clock sharp tomrow,","please set alarm  clock sharp tomrow,",['Not Found']
985,"Remind messaginf Geet for blazer and nehru jacket at 10.30pm today.,","remind messaginf geet blazer nehru jacket .pm today.,",['the same']
986,"Can you set 2 alarms please?,","set  alarm please?,",['Not Found']
987,"I need that reminder daily,","need reminder daily,",['Not Found']
988,"I want you to remind me on 02472222987,","want remind ,",['How']
989,"Two reminders these are,","two reminder are,",['What']
990,"Yes make me remind ....I have onenyt stand with my gf tonight ..plz make me remember at 9,","yes make remind ....i onenyt stand gf tonight ..plz make remember ,",['Not Found']
991,"My paper is on 19nov 2016 Time 10am Remind me weather I talk my admit card  photo copy and proof of photo identity,","paper nov  time am remind weather talk admit card photo copy proof photo identity,",['Not Found']
992,"Pls make continues reminder,","pls make continues reminder,",['Not Found']
993,"Please remind me on 19th Jan about Chitra nakshtra,","please remind th jan chitra nakshtra,",['Not Found']
994,"Want to set reminder for milk every day 5.30 PM.,","want set reminder milk every day . pm.,",['Not Found']
995,"Remember me to study,","remember study,",['study']
996,"Please remind me to buy meftal spa in the morning. At around 8.30 am and again remind me at 9 am.,","please remind buy meftal spa morning. around . remind  am.,",['Not Found']
997,"Remind me to pick a bag from friend home,","remind pick bag friend home,",['How']
998,"Remind me to Upload money back challenge report tomorrow morning,","remind upload money back challenge report tomorrow morning,",['Not Found']
